Bottleneck residues:, Residues in distance <= 3.0 A from the bottleneck, sorted from the closest.
Snapshot,Tunnel cluster,Tunnel,Throughput,Cost,Bottleneck X,Bottleneck Y,Bottleneck Z,Bottleneck R,Bottleneck residues
B2.pdb,1,1,0.8211523895336418,0.19704657221845992,-3.4943545265091935,12.034386370722864,7.081611275255973,1.7178201943284572,1
B2.pdb,2,2,0.6901137922487356,0.37089877868551513,-4.141549965887163,20.572090646749313,3.21065612116661,0.9232203961096428,1
B2.pdb,3,3,0.6847625253480474,0.37868317915075256,-1.8748588346760078,19.986728399418244,11.571351558236985,1.0625917389936779,1
B2.pdb,4,4,0.648368845674493,0.4332955382785162,-9.766213419117626,18.846767025093666,8.492796743624487,0.8795683249997717,1
