Snapshot, Tunnel cluster, Tunnel, Throughput, Cost, Bottleneck radius, Bottleneck R error bound, Length, Curvature
B2.pdb, 1, 1, 0.9609827089405001, 0.03979886295155204, 4.242054727793834, -, 2.201864083539763, 1.7597817764690618
B2.pdb, 2, 2, 0.8144114127177712, 0.20528961963258183, 1.4882893038391514, -, 7.220229898192758, 1.2110948588536568
