Tunnel cluster ID, Priority, Average throughput, Standard deviation
1, 0.9609827089405001, 0.9609827089405001, 0.0, 
2, 0.8144114127177712, 0.8144114127177712, 0.0, 
