Tunnel cluster ID, Priority, Average throughput, Standard deviation
1, 0.9409078728170992, 0.9409078728170992, 0.0, 
2, 0.9336039292386576, 0.9336039292386576, 0.0, 
3, 0.9315379723872028, 0.9315379723872028, 0.0, 
4, 0.9313673505383708, 0.9313673505383708, 0.0, 
