Bottleneck residues:, Residues in distance <= 3.0 A from the bottleneck, sorted from the closest.
Snapshot,Tunnel cluster,Tunnel,Throughput,Cost,Bottleneck X,Bottleneck Y,Bottleneck Z,Bottleneck R,Bottleneck residues
C1.pdb,1,1,0.9409078728170992,0.06091004767835303,-6.203976233252673,27.71811363214287,17.732262803685977,3.003522015944906,1
C1.pdb,2,2,0.9336039292386576,0.06870298932257021,-5.915843688081415,26.793317180141713,10.601443184390055,3.1169653422672816,1
C1.pdb,3,3,0.9315379723872028,0.0709183249971166,-3.1030780124630915,33.07414740323036,13.384813205604617,3.1075340817277635,1
C1.pdb,4,4,0.9313673505383708,0.07110150322652993,-10.545981408311963,31.88123889453815,13.371434735826416,3.035850705502475,1
