Bottleneck residues:, Residues in distance <= 3.0 A from the bottleneck, sorted from the closest.
Snapshot,Tunnel cluster,Tunnel,Throughput,Cost,Bottleneck X,Bottleneck Y,Bottleneck Z,Bottleneck R,Bottleneck residues
C1.pdb,1,1,0.9388967525889385,0.06304976046369716,5.135563964460313,7.6104602748799195,10.488375871033915,3.1981921481406532,1
C1.pdb,2,2,0.9388658337417597,0.06308269204664235,7.310584945706733,8.903535831242085,3.2822633405419164,3.1900299407237513,1
C1.pdb,3,3,0.9370557276827876,0.06501252393084087,11.264134878129164,3.7689810356734967,7.458816759049535,3.0821536535908924,1
C1.pdb,4,4,0.9356284992713049,0.06653678377910742,4.135397013627277,2.2380166494710902,4.9923461520680705,3.15371958581834,1
