Bottleneck residues:, Residues in distance <= 3.0 A from the bottleneck, sorted from the closest.
Snapshot,Tunnel cluster,Tunnel,Throughput,Cost,Bottleneck X,Bottleneck Y,Bottleneck Z,Bottleneck R,Bottleneck residues
B14.pdb,1,1,0.92064852537599,0.08267693839072515,14.97852646178113,22.596264086226046,14.974611330672545,1.6029684310727317,1
B14.pdb,2,2,0.8857087274049805,0.12136713253446436,14.989454770808853,9.359496591052249,13.348972603641192,1.3751859738673742,1
B14.pdb,3,3,0.8826272018302943,0.12485236251025109,16.656184156274954,16.853354624790168,8.017924169602454,1.1370362904432822,1
B14.pdb,4,4,0.8696404461786229,0.13967543301178523,9.05979643742379,15.913105520521457,12.944123196341684,1.035445354899455,1
B14.pdb,5,5,0.7844251479511862,0.24280412506271004,21.16602950621412,13.867938902857997,14.070761708109224,1.3042537403899213,1
