Snapshot, Tunnel cluster, Tunnel, Throughput, Cost, Bottleneck radius, Bottleneck R error bound, Length, Curvature
B11.pdb, 1, 1, 0.9176804027164088, 0.0859060941673494, 2.05202419262132, -, 1.9838664447613787, 1.0012657376399643
