Snapshot, Tunnel cluster, Tunnel, Throughput, Cost, Bottleneck radius, Average R error bound, Max. R error bound, Bottleneck R error bound, Curvature, Length, , Axis, Values...
B11.pdb, 1, 1, 0.9176804027164088, 0.0859060941673494, 2.05202419262132, -, -, -, 1.0012657376399643, 1.9838664447613787, , X, 2.4558915823720113, 2.7500804630964737, 3.098370760663319, 3.4466610582301644, 3.79495135579701
B11.pdb, 1, 1, 0.9176804027164088, 0.0859060941673494, 2.05202419262132, -, -, -, 1.0012657376399643, 1.9838664447613787, , Y, 8.47665831083321, 8.477996586085444, 8.47793682217257, 8.477877058259693, 8.477817294346817
B11.pdb, 1, 1, 0.9176804027164088, 0.0859060941673494, 2.05202419262132, -, -, -, 1.0012657376399643, 1.9838664447613787, , Z, 20.869462085172454, 20.48530346188846, 20.126564190203474, 19.76782491851849, 19.409085646833507
B11.pdb, 1, 1, 0.9176804027164088, 0.0859060941673494, 2.05202419262132, -, -, -, 1.0012657376399643, 1.9838664447613787, , distance, 0.0, 0.48386644476137897, 0.9821804373323979, 1.4816308874314499, 1.9813585646478384
B11.pdb, 1, 1, 0.9176804027164088, 0.0859060941673494, 2.05202419262132, -, -, -, 1.0012657376399643, 1.9838664447613787, , length, 0.0, 0.5, 1.0, 1.5, 2.0
B11.pdb, 1, 1, 0.9176804027164088, 0.0859060941673494, 2.05202419262132, -, -, -, 1.0012657376399643, 1.9838664447613787, , R, 2.8999305276328844, 2.6408636689309706, 2.3997981758648903, 2.215385789425042, 2.0971462318576135
B11.pdb, 1, 1, 0.9176804027164088, 0.0859060941673494, 2.05202419262132, -, -, -, 1.0012657376399643, 1.9838664447613787, , Upper limit of R overestimation, -, -, -, -, -
