Tunnel cluster ID, Priority, Average throughput, Standard deviation
1, 0.9059031484735541, 0.9059031484735541, 0.0, 
2, 0.623603320980054, 0.623603320980054, 0.0, 
