Bottleneck residues:, Residues in distance <= 3.0 A from the bottleneck, sorted from the closest.
Snapshot,Tunnel cluster,Tunnel,Throughput,Cost,Bottleneck X,Bottleneck Y,Bottleneck Z,Bottleneck R,Bottleneck residues
B3.pdb,1,1,0.7176398054501794,0.33178749952766906,20.55543279357461,9.346874534607915E-4,58.45768492294249,1.1006316802748384,1
B3.pdb,2,2,0.6925405299835877,0.3673885155811723,17.536026883015307,-4.110365888494317,65.41833229471644,1.0020262496950088,1
B3.pdb,3,3,0.6852353996227288,0.3779928506694584,18.5851714876137,4.554742593041218,65.32645691746002,0.996700317343733,1
B3.pdb,4,4,0.6768168326107143,0.3903546001206836,25.474110332773776,-0.5731334089227774,65.33163734720253,0.9916938802613162,1
