Tunnel cluster ID, Priority, Average throughput, Standard deviation
1, 0.6548829367335728, 0.6548829367335728, 0.0, 
2, 0.5723391416014586, 0.5723391416014586, 0.0, 
