,vdW,SES,SAS
B1-Et4N,126.95,141.25,457.93
B2-BnNMe3,136.82,148.91,482.58
B3-CoCp2,121.71,128.68,416.69
B4-CoCpstar2,257.93,291.14,754.69
B5-BF4,57.4,59.49,249.72
B6-ClO4,83.64,90.8,340.28
B7-C60,505.05,522.4599999999999,1139.02
B8-C60,498.11,514.98,1125.8
B9-A,137.37,148.02,467.12
B10-Et4N,121.6,133.28,437.65
B11-AQ,248.63,261.08,773.25
B12-2g,269.86,307.34,783.79
B13-C60,510.28000000000003,527.48,1149.4499999999998
B14-C70,601.6199999999999,622.29,1318.13
