,vdW,SES,SAS
B1-Et4N,161.23,177.06,533.49
B2-BnNMe3,165.19,181.03,552.4
B3-CoCp2,141.15,151.42,474.55
B4-CoCpstar2,309.69,338.67,846.59
B5-BF4,55.06,58.02,248.3
B6-ClO4,66.59,72.51,298.83
B7-C60,520.7099999999999,537.13,1160.35
B8-C60,513.67,530.49,1147.26
B9-A,151.89,166.78,506.17
B10-Et4N,150.5,163.69,501.94
B11-AQ,219.71,233.39,708.41
B12-2g,306.64,349.62,865.57
B13-C60,526.17,542.77,1171.06
B14-C70,619.8499999999999,639.6500000000001,1341.8300000000002
