Bottleneck residues:, Residues in distance <= 3.0 A from the bottleneck, sorted from the closest.
Snapshot,Tunnel cluster,Tunnel,Throughput,Cost,Bottleneck X,Bottleneck Y,Bottleneck Z,Bottleneck R,Bottleneck residues
B4.pdb,1,1,0.8028167591741412,0.2196287863758332,22.194927182986095,22.1953966852115,22.195481394671912,1.3758798562623877,1
B4.pdb,2,2,0.8007241789166185,0.22223873713627298,15.287939436545923,22.214750222473896,15.288823663517562,1.3755637457881196,1
B4.pdb,3,3,0.7978497369331183,0.22583499884547897,15.31752141741484,15.3180424569525,22.185517933317566,1.3765357312336846,1
B4.pdb,4,4,0.7951006655539392,0.22928654900557507,22.20355549209435,15.298761440779007,15.299865035822561,1.37511798322742,1
