Bottleneck residues:, Residues in distance <= 3.0 A from the bottleneck, sorted from the closest.
Snapshot,Tunnel cluster,Tunnel,Throughput,Cost,Bottleneck X,Bottleneck Y,Bottleneck Z,Bottleneck R,Bottleneck residues
B13.pdb,1,1,0.8713500572118046,0.13771148021667748,1.741291766497072,28.51542790886511,9.650414416476117,1.0244916054447668,1
B13.pdb,2,2,0.8488797749219413,0.16383771056392374,7.012917422386393,28.284694067907353,2.6687399681888886,0.9814757885309475,1
B13.pdb,3,3,0.844808060433174,0.16864582484320698,14.39040356560269,28.52138103553577,8.374312850050732,0.9990116465547805,1
B13.pdb,4,4,0.838498858690804,0.17614205885181664,5.84813686016023,22.64245973671612,11.057207916372219,1.4548369024566312,1
B13.pdb,5,5,0.6512013462933991,0.4289363968920753,7.024686337990108,26.341184598518844,15.17726122405452,0.9635083664555484,1
